INSERT INTO Familia(fam_nombre) VALUES ("Sabrina");
INSERT INTO Familia(fam_nombre) VALUES ("Monterrey");
INSERT INTO Familia(fam_nombre) VALUES ("San Andres");
INSERT INTO Familia(fam_nombre) VALUES ("Camino Real");
INSERT INTO Familia(fam_nombre) VALUES ("Dorada");
INSERT INTO Familia(fam_nombre) VALUES ("Andina");
INSERT INTO Familia(fam_nombre) VALUES ("Silvestre");
INSERT INTO Familia(fam_nombre) VALUES ("Modificada");
INSERT INTO Familia(fam_nombre) VALUES ("Colombiana");
INSERT INTO Familia(fam_nombre) VALUES ("Ecuatoriana");

insert into fresa values (1, 1,1200, 2020);
insert into fresa values (2, 2,1450, 2019);
insert into fresa values (3, 3,2000, 2020);
insert into fresa values (4, 3,9500, 2021);
insert into fresa values (5, 4,1950, 1018);
insert into proveedor values (001, "Auteco","calle 7 No. 45-17", "05713224459");
insert into proveedor values (002, "Hitachi","calle 19 No. 108-26", "05714223344");
insert into proveedor values (003, "Bosch","calle 68 No. 26-45", "05715678798");
insert into proveedor values (004, "Teco","calle 77 No. 68-33", "05712213243");
insert into proveedor values (005, "General Electric","calle 29 No. 26-12", "05717239919");
insert into uchuva values (01, 5,42000, 18, "101");
insert into uchuva values (02, 6,56000, 14, "102");
insert into uchuva values (03, 7,46000, 26, "101");
insert into uchuva values (04, 8,80000, 36, "103");
insert into uchuva values (05, 9,59000, 20, "104");
insert into uchuva values (06, 10,4500, 12, "105");
insert into consumidor values ("lucky", "Pedro","Perez", "pedro@gmail.com", "3123452345", "12345678", "1990");
insert into consumidor values ("malopez", "Maria","Lopez", "maria@gmail.com", "3123452346", "12345677", "1990");
insert into consumidor values ("diva", "Ana","Dias", "ana@gmail.com", "3123452342", "12355678", "1991");
insert into consumidor values ("dreamer", "Luis","Rojas", "lucho@gmail.com", "3223452345", "33345678", "1990");
insert into consumidor values ("ninja", "Andres","Cruz", "acruz@gmail.com", "3253452345", "16345678", "1980");
insert into consumidor values ("neon", "Nelson","Ruiz", "nelson@gmail.com", "3143452345", "12344678", "1999");
insert into consumidor values ("rose", "Claudia","Melendez", "claudita@gmail.com", "3213452345", "12345688", "1993");
insert into consumidor values ("green", "Jorge","Rodriguez", "jro@gmail.com", "3253452345", "12345444", "1996");
insert into registro values ("0001", "Sabrina","2017-10-25 20:00:00", "lucky");
insert into registro values ("0002", "Monterrey","2019-03-15 18:30:00", "lucky");
insert into registro values ("0003", "San Andres","2019-05-20 20:30:00", "lucky");
insert into registro values ("0004", "Camino Real","2018-03-15 18:30:00", "malopez");
insert into registro values ("0005", "Dorada","2020-01-20 20:30:00", "malopez");
insert into registro values ("0006", "Andina","2019-05-20 20:30:00", "diva");
insert into registro values ("0007", "Silvestre","2018-06-20 21:30:00", "diva");
insert into registro values ("0008", "Colombiana","2020-03-17 15:30:20", "diva");
insert into registro values ("0009", "Ecuatoriana","2020-03-17 15:30:20", "dreamer");
insert into registro values ("0010", "Silvestre","2020-04-10 18:30:20", "dreamer");
insert into registro values ("0011", "Silvestre","2020-02-12 20:30:20", "ninja");